keyboard_compatible_phonetic_symbol;CELEX;g2p(ARPAbet);DISC;Example;Note
ay;eI;EY1,EY2;1;ale;
ae;&;AE0,AE1,AE2;{;add;
ee;i:;IY0, IY1;i;bee;
eh;E;EH0,EH1,EH2;E;end;
er;@r*;ER0,ER1,ER2;@R;father;
ai;aI;AY0,AY1,AY2;2;high;
ih;I;IH0,IH1,IH2;I;bin;
o;@U;OW0,OW1,OW2;5;boat;
ah;O;AA1,AA2;Q;cot;
aw;O;AO1,AO2;Q;soft;AA1 in soft
oo;u:;UW0,UW1;u;food;
u;U;UH1;U;hook;
yu;ju:;YUW1;ju;unite;
uh+;V;AH1;V;up;
oy;OI;OY1,OY2;4;boy;
au;aU;AW0,AW1;6;out;
uh-;@;AH0;@;about;
b;b;B;b;but;
d;d;D;d;day;
f;f;F;f;fan;
g;g;G;g;go;
h;h;HH;h;hat;
dj;dZ;JH;_;joke;
k;k;K;k;keep;
l;l;L;l;late;
m;m;M;m;man;
n;n;N;n;nod;
p;p;P;p;pen;
r;r;R;r;rat;
s;s;S;s;sue;
t;t;T;t;two;
v;v;V;v;van;
w;w;W;w;wait;
y;j;Y;j;yet;
z;z;Z;z;zone;
tch;tS;CH;J;chin;
ks;ks;KS;ks;ox;
gz;gz;GZ;gz;exist;
kw;kw;KW;kw;quit;
ul;l,;AH0-L;P;puddle;AH0-L
um;@m;AH0-M;@m;chasm;AHO-M
un;n,;AH0-N;H;pardon;AHO-N
ng;N;NG;N;sing;
sh;S;SH;S;she;
th-;T;TH;T;thin;
th+;D;DH;D;then;
zh;Z;ZH;Z;rouge;
nl;;;;honest;